filename,true_label,source_original_pred,source_adv_pred,source_attack_success,tf2torch_resnet_v2_101_pred,tf2torch_resnet_v2_101_fooled
ILSVRC2012_val_00018317.png,1,1,516,True,516,True
ILSVRC2012_val_00045761.png,2,2,47,True,328,True
ILSVRC2012_val_00020011.png,3,3,779,True,3,False
ILSVRC2012_val_00026001.png,4,4,5,True,5,True
ILSVRC2012_val_00035367.png,5,5,7,True,7,True
ILSVRC2012_val_00017440.png,6,6,66,True,6,False
ILSVRC2012_val_00026908.png,7,7,3,True,7,False
ILSVRC2012_val_00028221.png,8,8,52,True,8,False
ILSVRC2012_val_00026271.png,9,9,8,True,9,False
ILSVRC2012_val_00049090.png,10,10,218,True,10,False
ILSVRC2012_val_00037748.png,11,11,620,True,24,True
ILSVRC2012_val_00016252.png,12,12,66,True,64,True
ILSVRC2012_val_00020495.png,13,13,86,True,13,False
ILSVRC2012_val_00003116.png,14,14,17,True,14,False
ILSVRC2012_val_00027811.png,15,15,18,True,15,False
ILSVRC2012_val_00034482.png,16,16,14,True,16,False
ILSVRC2012_val_00042600.png,17,17,129,True,17,False
ILSVRC2012_val_00034144.png,18,18,20,True,18,False
ILSVRC2012_val_00041206.png,19,19,449,True,19,False
ILSVRC2012_val_00017017.png,20,20,575,True,20,False
ILSVRC2012_val_00024059.png,21,21,140,True,21,False
ILSVRC2012_val_00013393.png,22,22,24,True,24,True
ILSVRC2012_val_00040474.png,23,23,351,True,23,False
ILSVRC2012_val_00022165.png,24,24,23,True,24,False
ILSVRC2012_val_00000318.png,25,25,398,True,25,False
ILSVRC2012_val_00012588.png,26,26,938,True,26,False
ILSVRC2012_val_00007561.png,27,27,51,True,51,True
ILSVRC2012_val_00017185.png,28,28,45,True,28,False
ILSVRC2012_val_00027931.png,29,29,29,False,29,False
ILSVRC2012_val_00013940.png,30,30,33,True,30,False
ILSVRC2012_val_00028352.png,31,31,33,True,31,False
ILSVRC2012_val_00043303.png,32,32,654,True,654,True
ILSVRC2012_val_00011303.png,33,33,58,True,33,False
ILSVRC2012_val_00041641.png,34,34,802,True,34,False
ILSVRC2012_val_00044755.png,35,35,64,True,24,True
ILSVRC2012_val_00013394.png,36,36,35,True,37,True
ILSVRC2012_val_00034770.png,37,37,984,True,50,True
ILSVRC2012_val_00027858.png,38,38,37,True,38,False
ILSVRC2012_val_00026793.png,39,39,43,True,43,True
ILSVRC2012_val_00033058.png,40,40,49,True,49,True
ILSVRC2012_val_00044996.png,41,41,43,True,45,True
ILSVRC2012_val_00042602.png,42,42,540,True,42,False
ILSVRC2012_val_00022247.png,43,43,49,True,49,True
ILSVRC2012_val_00044980.png,44,44,364,True,44,False
ILSVRC2012_val_00021786.png,45,45,50,True,45,False
ILSVRC2012_val_00047675.png,46,46,364,True,46,False
ILSVRC2012_val_00039203.png,47,47,48,True,48,True
ILSVRC2012_val_00017490.png,48,48,807,True,825,True
ILSVRC2012_val_00019652.png,49,49,46,True,49,False
ILSVRC2012_val_00035623.png,50,50,51,True,50,False
ILSVRC2012_val_00018666.png,51,51,50,True,50,True
ILSVRC2012_val_00027193.png,52,52,606,True,52,False
ILSVRC2012_val_00046257.png,53,53,27,True,53,False
ILSVRC2012_val_00031596.png,54,54,40,True,59,True
ILSVRC2012_val_00039732.png,55,55,68,True,55,False
ILSVRC2012_val_00030719.png,56,56,617,True,617,True
ILSVRC2012_val_00005676.png,57,57,69,True,57,False
ILSVRC2012_val_00006699.png,58,58,59,True,58,False
ILSVRC2012_val_00034970.png,59,59,122,True,59,False
ILSVRC2012_val_00002439.png,60,60,56,True,65,True
ILSVRC2012_val_00033547.png,61,61,54,True,59,True
ILSVRC2012_val_00013730.png,62,62,57,True,62,False
ILSVRC2012_val_00017927.png,63,63,62,True,62,True
ILSVRC2012_val_00049823.png,64,64,952,True,64,False
ILSVRC2012_val_00028197.png,65,56,937,True,937,True
ILSVRC2012_val_00000324.png,66,66,58,True,59,True
ILSVRC2012_val_00046538.png,67,67,68,True,67,False
ILSVRC2012_val_00038068.png,68,68,919,True,68,False
ILSVRC2012_val_00024609.png,69,69,67,True,69,False
ILSVRC2012_val_00015756.png,70,70,320,True,70,False
ILSVRC2012_val_00037311.png,71,71,85,True,329,True
ILSVRC2012_val_00043197.png,72,72,126,True,72,False
ILSVRC2012_val_00003008.png,73,73,665,True,73,False
ILSVRC2012_val_00023692.png,74,74,77,True,74,False
ILSVRC2012_val_00046384.png,75,75,702,True,75,False
ILSVRC2012_val_00016936.png,76,76,829,True,76,False
ILSVRC2012_val_00041311.png,77,77,749,True,77,False
ILSVRC2012_val_00010801.png,78,78,76,True,78,False
ILSVRC2012_val_00032783.png,79,79,71,True,79,False
ILSVRC2012_val_00005072.png,80,80,829,True,397,True
ILSVRC2012_val_00007126.png,81,81,146,True,81,False
ILSVRC2012_val_00009827.png,82,82,81,True,82,False
ILSVRC2012_val_00036573.png,83,83,82,True,83,False
ILSVRC2012_val_00033098.png,84,84,299,True,84,False
ILSVRC2012_val_00022767.png,85,85,553,True,85,False
ILSVRC2012_val_00043990.png,86,86,87,True,86,False
ILSVRC2012_val_00043041.png,87,87,430,True,87,False
ILSVRC2012_val_00049962.png,88,88,126,True,126,True
ILSVRC2012_val_00012864.png,89,89,90,True,89,False
ILSVRC2012_val_00041041.png,90,90,131,True,90,False
ILSVRC2012_val_00007778.png,91,91,24,True,91,False
ILSVRC2012_val_00044108.png,92,92,319,True,92,False
ILSVRC2012_val_00040014.png,93,93,9,True,95,True
ILSVRC2012_val_00048549.png,94,94,435,True,94,False
ILSVRC2012_val_00023796.png,95,95,838,True,95,False
ILSVRC2012_val_00011315.png,96,96,491,True,96,False
ILSVRC2012_val_00036354.png,97,97,97,False,97,False
ILSVRC2012_val_00022364.png,98,98,956,True,98,False
ILSVRC2012_val_00036162.png,99,99,98,True,99,False
ILSVRC2012_val_00029785.png,100,100,129,True,95,True
ILSVRC2012_val_00009998.png,101,101,101,False,101,False
ILSVRC2012_val_00036826.png,102,102,48,True,102,False
ILSVRC2012_val_00030772.png,103,103,124,True,103,False
ILSVRC2012_val_00042336.png,104,104,59,True,59,True
ILSVRC2012_val_00046362.png,105,105,332,True,105,False
ILSVRC2012_val_00015072.png,106,106,770,True,106,False
ILSVRC2012_val_00015717.png,107,107,278,True,270,True
ILSVRC2012_val_00038400.png,108,108,135,True,135,True
ILSVRC2012_val_00012332.png,109,109,116,True,109,False
ILSVRC2012_val_00017794.png,110,110,628,True,110,False
ILSVRC2012_val_00033409.png,111,111,66,True,111,False
ILSVRC2012_val_00026452.png,112,112,778,True,550,True
ILSVRC2012_val_00028654.png,113,113,2,True,2,True
ILSVRC2012_val_00030012.png,114,114,59,True,515,True
ILSVRC2012_val_00018757.png,115,115,114,True,115,False
ILSVRC2012_val_00008160.png,116,116,947,True,116,False
ILSVRC2012_val_00028345.png,117,117,954,True,117,False
ILSVRC2012_val_00034644.png,118,118,328,True,118,False
ILSVRC2012_val_00040764.png,119,119,120,True,119,False
ILSVRC2012_val_00011071.png,120,120,80,True,124,True
ILSVRC2012_val_00017911.png,121,121,79,True,121,False
ILSVRC2012_val_00023264.png,122,122,72,True,122,False
ILSVRC2012_val_00046975.png,123,123,956,True,123,False
ILSVRC2012_val_00012455.png,124,124,125,True,124,False
ILSVRC2012_val_00049661.png,125,125,80,True,127,True
ILSVRC2012_val_00031943.png,126,126,49,True,126,False
ILSVRC2012_val_00042774.png,127,127,315,True,127,False
ILSVRC2012_val_00026340.png,128,128,145,True,128,False
ILSVRC2012_val_00026338.png,129,129,144,True,129,False
ILSVRC2012_val_00013256.png,130,130,131,True,130,False
ILSVRC2012_val_00000356.png,131,131,129,True,128,True
ILSVRC2012_val_00033760.png,132,132,133,True,132,False
ILSVRC2012_val_00026861.png,133,133,135,True,133,False
ILSVRC2012_val_00042966.png,134,134,463,True,134,False
ILSVRC2012_val_00037379.png,135,135,8,True,135,False
ILSVRC2012_val_00019998.png,136,136,130,True,136,False
ILSVRC2012_val_00024020.png,137,137,24,True,137,False
ILSVRC2012_val_00006814.png,138,138,101,True,138,False
ILSVRC2012_val_00038522.png,139,139,10,True,139,False
ILSVRC2012_val_00042705.png,140,140,141,True,141,True
ILSVRC2012_val_00003964.png,141,141,143,True,141,False
ILSVRC2012_val_00000470.png,142,142,143,True,142,False
ILSVRC2012_val_00029913.png,143,143,142,True,143,False
ILSVRC2012_val_00011052.png,144,144,100,True,129,True
ILSVRC2012_val_00043841.png,145,145,22,True,22,True
ILSVRC2012_val_00047685.png,146,146,88,True,146,False
ILSVRC2012_val_00031023.png,147,147,144,True,147,False
ILSVRC2012_val_00041029.png,148,148,35,True,148,False
ILSVRC2012_val_00028941.png,149,149,293,True,293,True
ILSVRC2012_val_00022669.png,150,150,342,True,343,True
ILSVRC2012_val_00046758.png,151,151,150,True,150,True
ILSVRC2012_val_00039439.png,152,152,246,True,246,True
ILSVRC2012_val_00037960.png,153,153,155,True,155,True
ILSVRC2012_val_00039695.png,154,154,208,True,154,False
ILSVRC2012_val_00001069.png,155,155,152,True,152,True
ILSVRC2012_val_00012394.png,156,156,155,True,156,False
ILSVRC2012_val_00022521.png,157,157,921,True,157,False
ILSVRC2012_val_00028429.png,158,158,677,True,158,False
ILSVRC2012_val_00020963.png,159,159,250,True,264,True
ILSVRC2012_val_00017792.png,160,160,210,True,210,True
ILSVRC2012_val_00029056.png,161,161,222,True,222,True
ILSVRC2012_val_00025539.png,162,162,168,True,167,True
ILSVRC2012_val_00031220.png,163,163,741,True,163,False
ILSVRC2012_val_00044554.png,164,164,432,True,212,True
ILSVRC2012_val_00013962.png,165,165,211,True,211,True
ILSVRC2012_val_00045878.png,166,166,265,True,165,True
ILSVRC2012_val_00042394.png,167,167,163,True,163,True
ILSVRC2012_val_00018649.png,168,168,274,True,174,True
ILSVRC2012_val_00011176.png,169,169,212,True,212,True
ILSVRC2012_val_00040878.png,170,170,258,True,223,True
ILSVRC2012_val_00011311.png,171,171,266,True,190,True
ILSVRC2012_val_00012416.png,172,172,342,True,179,True
ILSVRC2012_val_00012644.png,173,173,160,True,173,False
ILSVRC2012_val_00004434.png,174,174,159,True,174,False
ILSVRC2012_val_00010665.png,175,175,231,True,175,False
ILSVRC2012_val_00002059.png,176,176,195,True,176,False
ILSVRC2012_val_00041908.png,177,177,238,True,172,True
ILSVRC2012_val_00031364.png,178,178,930,True,178,False
ILSVRC2012_val_00021668.png,179,179,177,True,177,True
ILSVRC2012_val_00000248.png,180,180,247,True,181,True
ILSVRC2012_val_00004947.png,181,181,243,True,181,False
ILSVRC2012_val_00004342.png,182,182,190,True,190,True
ILSVRC2012_val_00025302.png,183,183,243,True,244,True
ILSVRC2012_val_00001929.png,184,184,199,True,198,True
ILSVRC2012_val_00040915.png,185,185,192,True,190,True
ILSVRC2012_val_00014810.png,186,186,201,True,201,True
ILSVRC2012_val_00038457.png,187,187,188,True,188,True
ILSVRC2012_val_00044200.png,188,188,197,True,188,False
ILSVRC2012_val_00030776.png,189,189,204,True,204,True
ILSVRC2012_val_00004968.png,190,190,192,True,190,False
ILSVRC2012_val_00031845.png,191,191,267,True,191,False
ILSVRC2012_val_00042855.png,192,192,185,True,192,False
ILSVRC2012_val_00037723.png,193,193,806,True,193,False
ILSVRC2012_val_00032563.png,194,194,185,True,185,True
ILSVRC2012_val_00026267.png,195,195,154,True,195,False
ILSVRC2012_val_00004941.png,196,196,246,True,246,True
ILSVRC2012_val_00034118.png,197,197,199,True,197,False
ILSVRC2012_val_00032524.png,198,198,159,True,198,False
ILSVRC2012_val_00015592.png,199,199,187,True,199,False
ILSVRC2012_val_00003232.png,200,200,198,True,200,False
ILSVRC2012_val_00002630.png,201,201,723,True,723,True
ILSVRC2012_val_00033775.png,202,202,186,True,186,True
ILSVRC2012_val_00003198.png,203,203,194,True,203,False
ILSVRC2012_val_00027017.png,204,204,188,True,204,False
ILSVRC2012_val_00033763.png,205,205,156,True,205,False
ILSVRC2012_val_00013712.png,206,206,234,True,234,True
ILSVRC2012_val_00038920.png,207,207,222,True,222,True
ILSVRC2012_val_00034584.png,208,208,806,True,208,False
ILSVRC2012_val_00008346.png,209,209,243,True,244,True
ILSVRC2012_val_00040639.png,210,210,940,True,210,False
ILSVRC2012_val_00038044.png,211,211,177,True,165,True
ILSVRC2012_val_00017439.png,212,212,169,True,169,True
ILSVRC2012_val_00031785.png,213,213,252,True,252,True
ILSVRC2012_val_00009476.png,214,214,212,True,185,True
ILSVRC2012_val_00014745.png,215,215,222,True,222,True
ILSVRC2012_val_00013927.png,216,216,217,True,217,True
ILSVRC2012_val_00025471.png,217,217,213,True,217,False
ILSVRC2012_val_00014125.png,218,218,268,True,218,False
ILSVRC2012_val_00002353.png,219,219,216,True,216,True
ILSVRC2012_val_00041928.png,220,220,919,True,220,False
ILSVRC2012_val_00025181.png,221,221,257,True,221,False
ILSVRC2012_val_00047110.png,222,222,268,True,268,True
ILSVRC2012_val_00025006.png,223,223,213,True,213,True
ILSVRC2012_val_00013489.png,224,224,225,True,225,True
ILSVRC2012_val_00010928.png,225,225,356,True,222,True
ILSVRC2012_val_00011323.png,226,226,677,True,185,True
ILSVRC2012_val_00027053.png,227,227,201,True,201,True
ILSVRC2012_val_00043878.png,228,228,215,True,215,True
ILSVRC2012_val_00029214.png,229,229,329,True,229,False
ILSVRC2012_val_00030831.png,230,230,201,True,230,False
ILSVRC2012_val_00017879.png,231,231,232,True,231,False
ILSVRC2012_val_00027165.png,232,232,231,True,231,True
ILSVRC2012_val_00034069.png,233,233,220,True,218,True
ILSVRC2012_val_00016409.png,234,234,184,True,184,True
ILSVRC2012_val_00034429.png,235,235,254,True,237,True
ILSVRC2012_val_00024896.png,236,236,250,True,236,False
ILSVRC2012_val_00017646.png,237,237,159,True,237,False
ILSVRC2012_val_00035233.png,238,238,677,True,52,True
ILSVRC2012_val_00021196.png,239,239,165,True,165,True
ILSVRC2012_val_00005175.png,240,240,189,True,230,True
ILSVRC2012_val_00045080.png,241,241,242,True,242,True
ILSVRC2012_val_00032522.png,242,242,266,True,242,False
ILSVRC2012_val_00013856.png,243,243,779,True,244,True
ILSVRC2012_val_00017075.png,244,244,255,True,255,True
ILSVRC2012_val_00043131.png,245,245,853,True,245,False
ILSVRC2012_val_00026918.png,246,246,152,True,224,True
ILSVRC2012_val_00043452.png,247,247,213,True,213,True
ILSVRC2012_val_00002609.png,248,248,256,True,248,False
ILSVRC2012_val_00009157.png,249,249,250,True,251,True
ILSVRC2012_val_00009416.png,250,250,270,True,250,False
ILSVRC2012_val_00044104.png,251,251,476,True,286,True
ILSVRC2012_val_00022581.png,252,252,677,True,252,False
ILSVRC2012_val_00027947.png,253,253,263,True,253,False
ILSVRC2012_val_00043319.png,254,254,239,True,254,False
ILSVRC2012_val_00039291.png,255,255,57,True,255,False
ILSVRC2012_val_00013159.png,256,256,194,True,176,True
ILSVRC2012_val_00023569.png,257,257,215,True,257,False
ILSVRC2012_val_00036918.png,258,258,152,True,258,False
ILSVRC2012_val_00042625.png,259,259,260,True,259,False
ILSVRC2012_val_00021540.png,260,260,225,True,260,False
ILSVRC2012_val_00045687.png,261,261,158,True,258,True
ILSVRC2012_val_00016303.png,262,262,284,True,284,True
ILSVRC2012_val_00044473.png,263,263,155,True,155,True
ILSVRC2012_val_00023546.png,264,264,254,True,264,False
ILSVRC2012_val_00001686.png,265,265,218,True,218,True
ILSVRC2012_val_00012039.png,266,266,267,True,266,False
ILSVRC2012_val_00030403.png,267,267,266,True,267,False
ILSVRC2012_val_00016697.png,268,268,267,True,266,True
ILSVRC2012_val_00026509.png,269,269,172,True,269,False
ILSVRC2012_val_00011188.png,270,270,737,True,270,False
ILSVRC2012_val_00013358.png,271,271,105,True,273,True
ILSVRC2012_val_00037617.png,272,272,185,True,272,False
ILSVRC2012_val_00028916.png,273,273,270,True,273,False
ILSVRC2012_val_00030693.png,274,274,281,True,273,True
ILSVRC2012_val_00001148.png,275,275,265,True,275,False
ILSVRC2012_val_00022432.png,276,276,194,True,214,True
ILSVRC2012_val_00021035.png,277,277,356,True,356,True
ILSVRC2012_val_00014798.png,278,278,272,True,281,True
ILSVRC2012_val_00033561.png,279,279,278,True,278,True
ILSVRC2012_val_00034065.png,280,280,387,True,271,True
ILSVRC2012_val_00026842.png,281,281,270,True,270,True
ILSVRC2012_val_00045239.png,282,282,183,True,183,True
ILSVRC2012_val_00000796.png,283,283,282,True,283,False
ILSVRC2012_val_00015898.png,284,284,880,True,284,False
ILSVRC2012_val_00039931.png,285,285,852,True,285,False
ILSVRC2012_val_00005207.png,286,286,194,True,193,True
ILSVRC2012_val_00021045.png,287,287,353,True,287,False
ILSVRC2012_val_00049483.png,288,288,288,False,288,False
ILSVRC2012_val_00030737.png,289,289,294,True,289,False
ILSVRC2012_val_00026982.png,290,290,51,True,51,True
ILSVRC2012_val_00049347.png,291,291,289,True,291,False
ILSVRC2012_val_00001359.png,292,292,233,True,292,False
ILSVRC2012_val_00023810.png,293,293,114,True,293,False
ILSVRC2012_val_00029216.png,294,294,46,True,294,False
ILSVRC2012_val_00015955.png,295,295,107,True,295,False
ILSVRC2012_val_00048118.png,296,296,277,True,296,False
ILSVRC2012_val_00019930.png,297,297,617,True,297,False
ILSVRC2012_val_00032283.png,298,298,257,True,257,True
ILSVRC2012_val_00018630.png,299,299,157,True,363,True
ILSVRC2012_val_00047118.png,300,300,299,True,300,False
ILSVRC2012_val_00021653.png,301,301,58,True,301,False
ILSVRC2012_val_00031140.png,302,302,304,True,302,False
ILSVRC2012_val_00009626.png,303,303,302,True,303,False
ILSVRC2012_val_00045848.png,304,304,71,True,71,True
ILSVRC2012_val_00036613.png,305,305,304,True,305,False
ILSVRC2012_val_00013351.png,306,306,127,True,127,True
ILSVRC2012_val_00004339.png,307,307,311,True,311,True
ILSVRC2012_val_00028453.png,308,308,301,True,303,True
ILSVRC2012_val_00040397.png,309,309,13,True,309,False
ILSVRC2012_val_00020657.png,310,310,773,True,310,False
ILSVRC2012_val_00003814.png,311,311,76,True,311,False
ILSVRC2012_val_00022737.png,312,312,313,True,312,False
ILSVRC2012_val_00018535.png,313,313,312,True,312,True
ILSVRC2012_val_00016740.png,314,314,911,True,911,True
ILSVRC2012_val_00021755.png,315,315,38,True,70,True
ILSVRC2012_val_00017115.png,316,316,92,True,316,False
ILSVRC2012_val_00044407.png,317,317,319,True,317,False
ILSVRC2012_val_00029444.png,318,318,318,False,318,False
ILSVRC2012_val_00047939.png,319,319,905,True,319,False
ILSVRC2012_val_00046425.png,320,320,321,True,321,True
ILSVRC2012_val_00042764.png,321,321,320,True,321,False
ILSVRC2012_val_00008693.png,322,322,91,True,322,False
ILSVRC2012_val_00030779.png,323,323,326,True,323,False
ILSVRC2012_val_00011374.png,324,324,553,True,324,False
ILSVRC2012_val_00039335.png,325,325,954,True,325,False
ILSVRC2012_val_00034368.png,326,326,325,True,326,False
ILSVRC2012_val_00043218.png,327,327,325,True,327,False
ILSVRC2012_val_00001161.png,328,328,328,False,328,False
ILSVRC2012_val_00028454.png,329,329,720,True,329,False
ILSVRC2012_val_00036810.png,330,330,116,True,330,False
ILSVRC2012_val_00033548.png,331,331,332,True,331,False
ILSVRC2012_val_00023041.png,332,332,13,True,332,False
ILSVRC2012_val_00032730.png,333,333,956,True,435,True
ILSVRC2012_val_00013528.png,334,334,841,True,334,False
ILSVRC2012_val_00044646.png,335,335,358,True,335,False
ILSVRC2012_val_00038993.png,336,336,185,True,336,False
ILSVRC2012_val_00018582.png,337,337,300,True,300,True
ILSVRC2012_val_00003202.png,338,338,361,True,338,False
ILSVRC2012_val_00003675.png,339,339,263,True,339,False
ILSVRC2012_val_00017532.png,340,340,535,True,340,False
ILSVRC2012_val_00018423.png,341,341,341,False,341,False
ILSVRC2012_val_00026390.png,342,342,161,True,792,True
ILSVRC2012_val_00025142.png,343,343,37,True,44,True
ILSVRC2012_val_00025638.png,344,344,52,True,344,False
ILSVRC2012_val_00036081.png,345,345,368,True,368,True
ILSVRC2012_val_00004838.png,346,346,66,True,347,True
ILSVRC2012_val_00037946.png,347,347,344,True,344,True
ILSVRC2012_val_00032942.png,348,348,368,True,346,True
ILSVRC2012_val_00038653.png,349,349,704,True,229,True
ILSVRC2012_val_00039697.png,350,350,279,True,344,True
ILSVRC2012_val_00001885.png,351,351,806,True,351,False
ILSVRC2012_val_00017389.png,352,352,353,True,352,False
ILSVRC2012_val_00032385.png,353,353,354,True,353,False
ILSVRC2012_val_00046413.png,354,354,647,True,354,False
ILSVRC2012_val_00015861.png,355,355,213,True,355,False
ILSVRC2012_val_00001050.png,356,356,610,True,356,False
ILSVRC2012_val_00048496.png,357,357,371,True,357,False
ILSVRC2012_val_00005621.png,358,358,359,True,358,False
ILSVRC2012_val_00010052.png,359,359,360,True,360,True
ILSVRC2012_val_00036771.png,360,360,359,True,360,False
ILSVRC2012_val_00016202.png,361,361,1,True,361,False
ILSVRC2012_val_00000446.png,362,362,384,True,362,False
ILSVRC2012_val_00012860.png,363,363,193,True,363,False
ILSVRC2012_val_00018994.png,364,364,388,True,299,True
ILSVRC2012_val_00035990.png,365,365,77,True,77,True
ILSVRC2012_val_00047956.png,366,366,369,True,366,False
ILSVRC2012_val_00028177.png,367,367,368,True,368,True
ILSVRC2012_val_00008889.png,368,368,373,True,375,True
ILSVRC2012_val_00004058.png,369,369,375,True,375,True
ILSVRC2012_val_00008179.png,370,370,375,True,370,False
ILSVRC2012_val_00046645.png,371,371,381,True,371,False
ILSVRC2012_val_00007845.png,372,372,379,True,373,True
ILSVRC2012_val_00032732.png,373,373,853,True,373,False
ILSVRC2012_val_00045230.png,374,374,292,True,374,False
ILSVRC2012_val_00044914.png,375,375,382,True,382,True
ILSVRC2012_val_00028585.png,376,376,207,True,376,False
ILSVRC2012_val_00018749.png,377,377,938,True,377,False
ILSVRC2012_val_00006014.png,378,378,374,True,374,True
ILSVRC2012_val_00047365.png,379,379,378,True,379,False
ILSVRC2012_val_00007297.png,380,380,368,True,380,False
ILSVRC2012_val_00033927.png,381,381,91,True,22,True
ILSVRC2012_val_00026217.png,382,382,612,True,105,True
ILSVRC2012_val_00047853.png,383,383,381,True,383,False
ILSVRC2012_val_00001054.png,384,384,385,True,384,False
ILSVRC2012_val_00046745.png,385,385,139,True,385,False
ILSVRC2012_val_00040258.png,386,386,343,True,387,True
ILSVRC2012_val_00038578.png,387,387,174,True,387,False
ILSVRC2012_val_00014686.png,388,388,200,True,388,False
ILSVRC2012_val_00048200.png,389,389,298,True,218,True
ILSVRC2012_val_00012982.png,390,390,392,True,390,False
ILSVRC2012_val_00032579.png,391,391,330,True,330,True
ILSVRC2012_val_00047174.png,392,392,390,True,392,False
ILSVRC2012_val_00008724.png,393,393,600,True,393,False
ILSVRC2012_val_00034042.png,394,394,161,True,394,False
ILSVRC2012_val_00031255.png,395,395,794,True,395,False
ILSVRC2012_val_00033541.png,396,396,395,True,653,True
ILSVRC2012_val_00009165.png,397,397,330,True,397,False
ILSVRC2012_val_00019403.png,398,398,122,True,398,False
ILSVRC2012_val_00002148.png,399,399,892,True,892,True
ILSVRC2012_val_00005187.png,400,400,680,True,475,True
ILSVRC2012_val_00021881.png,401,401,440,True,401,False
ILSVRC2012_val_00013625.png,402,402,580,True,402,False
ILSVRC2012_val_00041930.png,403,403,775,True,403,False
ILSVRC2012_val_00033900.png,404,404,643,True,404,False
ILSVRC2012_val_00046971.png,405,405,872,True,405,False
ILSVRC2012_val_00010147.png,406,406,426,True,406,False
ILSVRC2012_val_00044658.png,407,407,699,True,407,False
ILSVRC2012_val_00024296.png,408,408,676,True,676,True
ILSVRC2012_val_00008360.png,409,409,610,True,409,False
ILSVRC2012_val_00015108.png,410,410,427,True,410,False
ILSVRC2012_val_00002391.png,411,411,520,True,709,True
ILSVRC2012_val_00042510.png,412,412,652,True,652,True
ILSVRC2012_val_00010877.png,413,413,726,True,413,False
ILSVRC2012_val_00014056.png,414,414,765,True,414,False
ILSVRC2012_val_00042327.png,415,415,391,True,415,False
ILSVRC2012_val_00021256.png,416,416,425,True,416,False
ILSVRC2012_val_00039129.png,417,417,423,True,603,True
ILSVRC2012_val_00040361.png,418,418,539,True,418,False
ILSVRC2012_val_00010497.png,419,419,624,True,624,True
ILSVRC2012_val_00006039.png,420,420,931,True,420,False
ILSVRC2012_val_00013131.png,421,421,651,True,421,False
ILSVRC2012_val_00023325.png,422,422,751,True,670,True
ILSVRC2012_val_00037608.png,423,423,732,True,423,False
ILSVRC2012_val_00043116.png,424,424,701,True,701,True
ILSVRC2012_val_00000076.png,425,425,416,True,861,True
ILSVRC2012_val_00019730.png,426,426,841,True,426,False
ILSVRC2012_val_00003043.png,427,427,547,True,427,False
ILSVRC2012_val_00000787.png,428,428,464,True,428,False
ILSVRC2012_val_00048739.png,429,429,707,True,707,True
ILSVRC2012_val_00026506.png,430,430,430,False,430,False
ILSVRC2012_val_00034473.png,431,431,516,True,431,False
ILSVRC2012_val_00047642.png,432,432,173,True,810,True
ILSVRC2012_val_00029252.png,433,433,590,True,433,False
ILSVRC2012_val_00039810.png,434,434,642,True,434,False
ILSVRC2012_val_00027792.png,435,435,722,True,722,True
ILSVRC2012_val_00028638.png,436,436,877,True,877,True
ILSVRC2012_val_00037160.png,437,437,718,True,437,False
ILSVRC2012_val_00035911.png,438,438,781,True,438,False
ILSVRC2012_val_00034097.png,439,439,740,True,648,True
ILSVRC2012_val_00025841.png,440,440,481,True,440,False
ILSVRC2012_val_00035507.png,441,441,970,True,441,False
ILSVRC2012_val_00039742.png,442,442,732,True,442,False
ILSVRC2012_val_00037196.png,443,443,498,True,498,True
ILSVRC2012_val_00013154.png,444,444,530,True,444,False
ILSVRC2012_val_00026250.png,445,445,871,True,445,False
ILSVRC2012_val_00029050.png,446,446,640,True,446,False
ILSVRC2012_val_00034050.png,447,447,922,True,922,True
ILSVRC2012_val_00046109.png,448,448,846,True,448,False
ILSVRC2012_val_00004330.png,449,449,699,True,498,True
ILSVRC2012_val_00021432.png,450,450,756,True,450,False
ILSVRC2012_val_00045079.png,451,451,411,True,493,True
ILSVRC2012_val_00033619.png,452,452,597,True,452,False
ILSVRC2012_val_00005523.png,453,453,364,True,364,True
ILSVRC2012_val_00003502.png,454,454,588,True,454,False
ILSVRC2012_val_00046690.png,455,455,866,True,866,True
ILSVRC2012_val_00021639.png,456,456,456,False,456,False
ILSVRC2012_val_00006182.png,457,457,10,True,457,False
ILSVRC2012_val_00039746.png,458,458,846,True,458,False
ILSVRC2012_val_00019749.png,459,459,435,True,459,False
ILSVRC2012_val_00029303.png,460,460,640,True,460,False
ILSVRC2012_val_00002469.png,461,461,976,True,461,False
ILSVRC2012_val_00039079.png,462,462,779,True,462,False
ILSVRC2012_val_00041911.png,463,463,463,False,463,False
ILSVRC2012_val_00022064.png,464,464,829,True,464,False
ILSVRC2012_val_00009444.png,465,465,675,True,675,True
ILSVRC2012_val_00031560.png,466,466,653,True,466,False
ILSVRC2012_val_00033558.png,467,467,492,True,467,False
ILSVRC2012_val_00019799.png,468,468,806,True,468,False
ILSVRC2012_val_00024931.png,469,469,691,True,469,False
ILSVRC2012_val_00009140.png,470,470,739,True,470,False
ILSVRC2012_val_00008717.png,471,471,863,True,471,False
ILSVRC2012_val_00032815.png,472,472,848,True,848,True
ILSVRC2012_val_00024906.png,473,473,779,True,473,False
ILSVRC2012_val_00015663.png,474,474,755,True,474,False
ILSVRC2012_val_00001299.png,475,475,462,True,475,False
ILSVRC2012_val_00012473.png,476,476,838,True,476,False
ILSVRC2012_val_00040917.png,477,477,866,True,866,True
ILSVRC2012_val_00030460.png,478,478,785,True,478,False
ILSVRC2012_val_00000019.png,479,479,877,True,479,False
ILSVRC2012_val_00004412.png,480,480,462,True,480,False
ILSVRC2012_val_00036406.png,481,481,483,True,845,True
ILSVRC2012_val_00042137.png,482,482,849,True,482,False
ILSVRC2012_val_00012468.png,483,483,486,True,486,True
ILSVRC2012_val_00003916.png,484,484,669,True,484,False
ILSVRC2012_val_00032462.png,485,485,872,True,872,True
ILSVRC2012_val_00020817.png,486,486,622,True,486,False
ILSVRC2012_val_00012115.png,487,487,382,True,382,True
ILSVRC2012_val_00033654.png,488,488,935,True,488,False
ILSVRC2012_val_00046589.png,489,489,617,True,489,False
ILSVRC2012_val_00041954.png,490,490,490,False,490,False
ILSVRC2012_val_00024629.png,491,491,791,True,491,False
ILSVRC2012_val_00007460.png,492,492,492,False,492,False
ILSVRC2012_val_00015177.png,493,493,127,True,493,False
ILSVRC2012_val_00007893.png,494,494,494,False,494,False
ILSVRC2012_val_00038376.png,495,495,654,True,495,False
ILSVRC2012_val_00028487.png,496,496,730,True,496,False
ILSVRC2012_val_00005832.png,497,497,77,True,497,False
ILSVRC2012_val_00034021.png,498,498,484,True,484,True
ILSVRC2012_val_00022945.png,499,499,705,True,499,False
ILSVRC2012_val_00038966.png,500,500,617,True,617,True
ILSVRC2012_val_00013091.png,501,501,384,True,647,True
ILSVRC2012_val_00038702.png,502,502,776,True,502,False
ILSVRC2012_val_00008871.png,503,503,841,True,503,False
ILSVRC2012_val_00028646.png,504,504,726,True,504,False
ILSVRC2012_val_00045860.png,505,505,884,True,505,False
ILSVRC2012_val_00020255.png,506,506,551,True,506,False
ILSVRC2012_val_00003496.png,507,507,410,True,507,False
ILSVRC2012_val_00046376.png,508,508,845,True,508,False
ILSVRC2012_val_00026428.png,509,509,682,True,509,False
ILSVRC2012_val_00034518.png,510,510,510,False,510,False
ILSVRC2012_val_00029800.png,511,511,161,True,511,False
ILSVRC2012_val_00036091.png,512,512,818,True,512,False
ILSVRC2012_val_00039009.png,513,513,513,False,513,False
ILSVRC2012_val_00004054.png,514,514,876,True,567,True
ILSVRC2012_val_00034753.png,515,515,563,True,563,True
ILSVRC2012_val_00005719.png,516,516,681,True,516,False
ILSVRC2012_val_00010259.png,517,517,517,False,517,False
ILSVRC2012_val_00016372.png,518,518,972,True,518,False
ILSVRC2012_val_00031743.png,519,519,692,True,519,False
ILSVRC2012_val_00016539.png,520,520,204,True,520,False
ILSVRC2012_val_00004602.png,521,521,766,True,517,True
ILSVRC2012_val_00021118.png,522,522,522,False,522,False
ILSVRC2012_val_00031771.png,523,523,10,True,523,False
ILSVRC2012_val_00005672.png,524,524,665,True,524,False
ILSVRC2012_val_00049883.png,525,462,594,True,462,True
ILSVRC2012_val_00038717.png,526,526,913,True,526,False
ILSVRC2012_val_00044861.png,527,527,755,True,527,False
ILSVRC2012_val_00014012.png,528,528,682,True,527,True
ILSVRC2012_val_00030193.png,529,529,529,False,529,False
ILSVRC2012_val_00023284.png,530,530,824,True,530,False
ILSVRC2012_val_00010019.png,531,531,486,True,531,False
ILSVRC2012_val_00039835.png,532,532,827,True,827,True
ILSVRC2012_val_00021888.png,533,533,844,True,533,False
ILSVRC2012_val_00029386.png,534,534,534,False,534,False
ILSVRC2012_val_00020884.png,535,535,535,False,535,False
ILSVRC2012_val_00039566.png,536,536,357,True,536,False
ILSVRC2012_val_00027221.png,537,537,485,True,537,False
ILSVRC2012_val_00043960.png,538,538,250,True,538,False
ILSVRC2012_val_00045649.png,539,539,669,True,669,True
ILSVRC2012_val_00035316.png,540,540,540,False,540,False
ILSVRC2012_val_00023790.png,541,541,471,True,541,False
ILSVRC2012_val_00021702.png,542,542,773,True,542,False
ILSVRC2012_val_00027965.png,543,543,648,True,514,True
ILSVRC2012_val_00006779.png,544,544,846,True,846,True
ILSVRC2012_val_00012450.png,545,545,925,True,963,True
ILSVRC2012_val_00004346.png,546,546,702,True,546,False
ILSVRC2012_val_00041609.png,547,547,746,True,547,False
ILSVRC2012_val_00023549.png,548,548,706,True,548,False
ILSVRC2012_val_00016250.png,549,549,265,True,549,False
ILSVRC2012_val_00021245.png,550,550,770,True,550,False
ILSVRC2012_val_00012573.png,551,551,616,True,616,True
ILSVRC2012_val_00004160.png,552,552,692,True,692,True
ILSVRC2012_val_00046806.png,553,553,594,True,553,False
ILSVRC2012_val_00005618.png,554,554,402,True,792,True
ILSVRC2012_val_00039559.png,555,555,750,True,555,False
ILSVRC2012_val_00029595.png,556,556,225,True,556,False
ILSVRC2012_val_00012175.png,557,557,165,True,557,False
ILSVRC2012_val_00012078.png,558,558,890,True,558,False
ILSVRC2012_val_00037909.png,559,559,876,True,559,False
ILSVRC2012_val_00012771.png,560,560,122,True,731,True
ILSVRC2012_val_00030254.png,561,561,535,True,561,False
ILSVRC2012_val_00018047.png,562,562,944,True,562,False
ILSVRC2012_val_00016149.png,563,563,697,True,563,False
ILSVRC2012_val_00021816.png,564,564,497,True,564,False
ILSVRC2012_val_00019307.png,565,565,510,True,565,False
ILSVRC2012_val_00033953.png,566,566,570,True,566,False
ILSVRC2012_val_00007536.png,567,567,841,True,567,False
ILSVRC2012_val_00030273.png,568,568,910,True,910,True
ILSVRC2012_val_00027815.png,569,569,312,True,569,False
ILSVRC2012_val_00026865.png,570,570,548,True,570,False
ILSVRC2012_val_00009791.png,571,571,731,True,125,True
ILSVRC2012_val_00013436.png,572,572,708,True,572,False
ILSVRC2012_val_00049793.png,573,573,442,True,442,True
ILSVRC2012_val_00042017.png,574,574,451,True,451,True
ILSVRC2012_val_00013633.png,575,575,546,True,575,False
ILSVRC2012_val_00012668.png,576,576,806,True,576,False
ILSVRC2012_val_00010337.png,577,577,626,True,577,False
ILSVRC2012_val_00002032.png,578,578,886,True,578,False
ILSVRC2012_val_00047427.png,579,579,701,True,1000,True
ILSVRC2012_val_00016899.png,580,580,422,True,580,False
ILSVRC2012_val_00021681.png,581,581,887,True,581,False
ILSVRC2012_val_00021911.png,582,582,811,True,582,False
ILSVRC2012_val_00035884.png,583,583,499,True,583,False
ILSVRC2012_val_00041424.png,584,584,734,True,584,False
ILSVRC2012_val_00038731.png,585,585,755,True,585,False
ILSVRC2012_val_00005670.png,586,586,911,True,586,False
ILSVRC2012_val_00028658.png,587,587,848,True,587,False
ILSVRC2012_val_00032002.png,588,588,204,True,588,False
ILSVRC2012_val_00049590.png,589,589,791,True,589,False
ILSVRC2012_val_00007124.png,590,590,919,True,586,True
ILSVRC2012_val_00003188.png,591,591,768,True,591,False
ILSVRC2012_val_00044989.png,592,592,550,True,592,False
ILSVRC2012_val_00038630.png,593,593,593,False,593,False
ILSVRC2012_val_00030826.png,594,594,627,True,594,False
ILSVRC2012_val_00039186.png,595,595,190,True,595,False
ILSVRC2012_val_00046905.png,596,596,731,True,867,True
ILSVRC2012_val_00038419.png,597,597,500,True,500,True
ILSVRC2012_val_00035955.png,598,598,778,True,598,False
ILSVRC2012_val_00025117.png,599,599,633,True,599,False
ILSVRC2012_val_00036530.png,600,600,600,False,600,False
ILSVRC2012_val_00000575.png,601,601,518,True,601,False
ILSVRC2012_val_00021106.png,602,602,458,True,888,True
ILSVRC2012_val_00014669.png,603,603,844,True,603,False
ILSVRC2012_val_00013067.png,604,604,691,True,604,False
ILSVRC2012_val_00048860.png,605,605,605,False,605,False
ILSVRC2012_val_00030161.png,606,606,419,True,606,False
ILSVRC2012_val_00029840.png,607,607,772,True,607,False
ILSVRC2012_val_00009971.png,608,608,432,True,608,False
ILSVRC2012_val_00032573.png,609,609,773,True,609,False
ILSVRC2012_val_00026466.png,610,610,865,True,610,False
ILSVRC2012_val_00004520.png,611,611,749,True,611,False
ILSVRC2012_val_00017238.png,612,612,751,True,722,True
ILSVRC2012_val_00043161.png,613,613,753,True,613,False
ILSVRC2012_val_00003233.png,614,614,674,True,674,True
ILSVRC2012_val_00049234.png,615,615,668,True,615,False
ILSVRC2012_val_00048489.png,616,616,797,True,616,False
ILSVRC2012_val_00009095.png,617,617,749,True,617,False
ILSVRC2012_val_00038063.png,618,618,510,True,510,True
ILSVRC2012_val_00046392.png,619,619,495,True,878,True
ILSVRC2012_val_00044447.png,620,620,462,True,620,False
ILSVRC2012_val_00038104.png,621,621,770,True,621,False
ILSVRC2012_val_00009771.png,622,622,647,True,622,False
ILSVRC2012_val_00036313.png,623,623,456,True,623,False
ILSVRC2012_val_00024027.png,624,624,734,True,624,False
ILSVRC2012_val_00027584.png,625,625,425,True,625,False
ILSVRC2012_val_00042196.png,626,626,677,True,626,False
ILSVRC2012_val_00005722.png,627,627,711,True,711,True
ILSVRC2012_val_00039264.png,628,628,628,False,628,False
ILSVRC2012_val_00002093.png,629,629,629,False,629,False
ILSVRC2012_val_00030534.png,630,630,420,True,420,True
ILSVRC2012_val_00021725.png,631,631,392,True,807,True
ILSVRC2012_val_00045590.png,632,632,899,True,721,True
ILSVRC2012_val_00010819.png,633,633,482,True,633,False
ILSVRC2012_val_00044571.png,634,634,553,True,634,False
ILSVRC2012_val_00022675.png,635,635,50,True,422,True
ILSVRC2012_val_00032353.png,636,636,508,True,636,False
ILSVRC2012_val_00027741.png,637,637,415,True,749,True
ILSVRC2012_val_00011151.png,638,638,878,True,638,False
ILSVRC2012_val_00007053.png,639,639,838,True,578,True
ILSVRC2012_val_00017142.png,640,640,981,True,501,True
ILSVRC2012_val_00048354.png,641,641,749,True,641,False
ILSVRC2012_val_00026768.png,642,642,401,True,642,False
ILSVRC2012_val_00040861.png,643,643,785,True,643,False
ILSVRC2012_val_00016941.png,644,644,489,True,644,False
ILSVRC2012_val_00041898.png,645,645,372,True,342,True
ILSVRC2012_val_00021102.png,646,646,788,True,788,True
ILSVRC2012_val_00044403.png,647,647,647,False,647,False
ILSVRC2012_val_00007887.png,648,648,829,True,648,False
ILSVRC2012_val_00020086.png,649,649,880,True,790,True
ILSVRC2012_val_00018372.png,650,650,460,True,592,True
ILSVRC2012_val_00031013.png,651,651,700,True,651,False
ILSVRC2012_val_00008779.png,652,652,789,True,652,False
ILSVRC2012_val_00043287.png,653,653,829,True,653,False
ILSVRC2012_val_00036896.png,654,654,88,True,654,False
ILSVRC2012_val_00027157.png,655,655,735,True,408,True
ILSVRC2012_val_00010375.png,656,656,595,True,656,False
ILSVRC2012_val_00044089.png,657,657,469,True,469,True
ILSVRC2012_val_00026052.png,658,658,741,True,466,True
ILSVRC2012_val_00034524.png,659,659,328,True,659,False
ILSVRC2012_val_00029594.png,660,660,170,True,660,False
ILSVRC2012_val_00035097.png,661,661,676,True,661,False
ILSVRC2012_val_00029553.png,662,662,792,True,662,False
ILSVRC2012_val_00025706.png,663,663,701,True,663,False
ILSVRC2012_val_00029842.png,664,664,484,True,484,True
ILSVRC2012_val_00049784.png,665,665,923,True,923,True
ILSVRC2012_val_00004104.png,666,666,576,True,666,False
ILSVRC2012_val_00014930.png,667,667,489,True,667,False
ILSVRC2012_val_00044851.png,668,668,799,True,668,False
ILSVRC2012_val_00031119.png,669,669,813,True,664,True
ILSVRC2012_val_00000859.png,670,670,202,True,670,False
ILSVRC2012_val_00022401.png,671,671,666,True,666,True
ILSVRC2012_val_00042426.png,672,672,445,True,445,True
ILSVRC2012_val_00045084.png,673,673,555,True,673,False
ILSVRC2012_val_00045539.png,674,674,158,True,674,False
ILSVRC2012_val_00020103.png,675,675,276,True,281,True
ILSVRC2012_val_00009793.png,676,676,556,True,676,False
ILSVRC2012_val_00021342.png,677,677,192,True,192,True
ILSVRC2012_val_00004229.png,678,678,319,True,319,True
ILSVRC2012_val_00023271.png,679,679,679,False,679,False
ILSVRC2012_val_00019174.png,680,680,456,True,680,False
ILSVRC2012_val_00000540.png,681,681,585,True,585,True
ILSVRC2012_val_00015715.png,682,682,546,True,621,True
ILSVRC2012_val_00017506.png,683,683,620,True,683,False
ILSVRC2012_val_00020445.png,684,684,559,True,684,False
ILSVRC2012_val_00031571.png,685,685,486,True,685,False
ILSVRC2012_val_00008691.png,686,686,860,True,686,False
ILSVRC2012_val_00046519.png,687,687,738,True,774,True
ILSVRC2012_val_00009172.png,688,688,688,False,688,False
ILSVRC2012_val_00005023.png,689,689,531,True,689,False
ILSVRC2012_val_00041091.png,690,690,602,True,690,False
ILSVRC2012_val_00014640.png,691,691,354,True,354,True
ILSVRC2012_val_00039176.png,692,692,839,True,490,True
ILSVRC2012_val_00019016.png,693,693,611,True,611,True
ILSVRC2012_val_00016218.png,694,694,473,True,694,False
ILSVRC2012_val_00032590.png,695,695,461,True,461,True
ILSVRC2012_val_00025473.png,696,696,777,True,696,False
ILSVRC2012_val_00005694.png,697,697,85,True,85,True
ILSVRC2012_val_00028828.png,698,698,94,True,698,False
ILSVRC2012_val_00023227.png,699,699,440,True,699,False
ILSVRC2012_val_00047439.png,700,700,700,False,700,False
ILSVRC2012_val_00013889.png,701,701,1000,True,701,False
ILSVRC2012_val_00007616.png,702,702,471,True,702,False
ILSVRC2012_val_00011647.png,703,703,788,True,535,True
ILSVRC2012_val_00032798.png,704,704,675,True,704,False
ILSVRC2012_val_00028312.png,705,705,576,True,705,False
ILSVRC2012_val_00024310.png,706,706,758,True,706,False
ILSVRC2012_val_00048451.png,707,707,910,True,707,False
ILSVRC2012_val_00041733.png,708,708,812,True,812,True
ILSVRC2012_val_00034875.png,709,709,864,True,683,True
ILSVRC2012_val_00043488.png,710,710,749,True,710,False
ILSVRC2012_val_00022443.png,711,711,419,True,711,False
ILSVRC2012_val_00047385.png,712,712,402,True,627,True
ILSVRC2012_val_00047393.png,713,713,794,True,794,True
ILSVRC2012_val_00024977.png,714,714,772,True,828,True
ILSVRC2012_val_00029992.png,715,715,892,True,715,False
ILSVRC2012_val_00045639.png,716,716,395,True,716,False
ILSVRC2012_val_00034416.png,717,717,717,False,717,False
ILSVRC2012_val_00033589.png,718,718,437,True,718,False
ILSVRC2012_val_00029034.png,719,719,808,True,719,False
ILSVRC2012_val_00029449.png,720,720,510,True,685,True
ILSVRC2012_val_00003066.png,721,721,713,True,713,True
ILSVRC2012_val_00033701.png,722,722,444,True,751,True
ILSVRC2012_val_00033175.png,723,723,786,True,723,False
ILSVRC2012_val_00027597.png,724,724,724,False,724,False
ILSVRC2012_val_00037776.png,725,725,702,True,725,False
ILSVRC2012_val_00018614.png,726,726,850,True,726,False
ILSVRC2012_val_00008288.png,727,727,589,True,727,False
ILSVRC2012_val_00019396.png,728,728,66,True,830,True
ILSVRC2012_val_00035198.png,729,729,109,True,729,False
ILSVRC2012_val_00022290.png,730,730,575,True,730,False
ILSVRC2012_val_00038945.png,731,731,867,True,867,True
ILSVRC2012_val_00006905.png,732,732,573,True,709,True
ILSVRC2012_val_00014850.png,733,733,760,True,760,True
ILSVRC2012_val_00038951.png,734,734,603,True,603,True
ILSVRC2012_val_00020853.png,735,735,809,True,735,False
ILSVRC2012_val_00030147.png,736,736,413,True,736,False
ILSVRC2012_val_00046005.png,737,737,723,True,737,False
ILSVRC2012_val_00030143.png,738,738,627,True,738,False
ILSVRC2012_val_00016454.png,739,739,28,True,739,False
ILSVRC2012_val_00026538.png,740,740,660,True,740,False
ILSVRC2012_val_00018033.png,741,752,815,True,752,True
ILSVRC2012_val_00005875.png,742,742,478,True,742,False
ILSVRC2012_val_00009689.png,743,743,811,True,812,True
ILSVRC2012_val_00006546.png,744,744,793,True,744,False
ILSVRC2012_val_00009588.png,745,745,821,True,658,True
ILSVRC2012_val_00041303.png,746,746,743,True,746,False
ILSVRC2012_val_00027603.png,747,747,715,True,747,False
ILSVRC2012_val_00032395.png,748,748,770,True,748,False
ILSVRC2012_val_00039205.png,749,749,710,True,749,False
ILSVRC2012_val_00023962.png,750,750,712,True,750,False
ILSVRC2012_val_00044687.png,751,751,722,True,751,False
ILSVRC2012_val_00006738.png,752,512,512,True,752,False
ILSVRC2012_val_00046313.png,753,753,853,True,753,False
ILSVRC2012_val_00031556.png,754,754,812,True,754,False
ILSVRC2012_val_00034715.png,755,755,767,True,860,True
ILSVRC2012_val_00043638.png,756,756,808,True,756,False
ILSVRC2012_val_00025514.png,757,757,421,True,698,True
ILSVRC2012_val_00021353.png,758,758,655,True,655,True
ILSVRC2012_val_00017567.png,759,759,653,True,765,True
ILSVRC2012_val_00035133.png,760,760,623,True,760,False
ILSVRC2012_val_00038840.png,761,761,904,True,416,True
ILSVRC2012_val_00022985.png,762,762,762,False,762,False
ILSVRC2012_val_00038151.png,763,763,86,True,763,False
ILSVRC2012_val_00038575.png,764,764,841,True,764,False
ILSVRC2012_val_00017615.png,765,765,508,True,765,False
ILSVRC2012_val_00047789.png,766,704,704,True,766,False
ILSVRC2012_val_00014839.png,767,767,366,True,767,False
ILSVRC2012_val_00001911.png,768,768,597,True,597,True
ILSVRC2012_val_00002555.png,769,769,530,True,616,True
ILSVRC2012_val_00003900.png,770,770,708,True,770,False
ILSVRC2012_val_00035596.png,771,771,814,True,771,False
ILSVRC2012_val_00029765.png,772,772,665,True,772,False
ILSVRC2012_val_00033544.png,773,773,863,True,773,False
ILSVRC2012_val_00002342.png,774,774,779,True,774,False
ILSVRC2012_val_00027771.png,775,775,503,True,807,True
ILSVRC2012_val_00029271.png,776,776,984,True,776,False
ILSVRC2012_val_00014003.png,777,777,643,True,777,False
ILSVRC2012_val_00021220.png,778,778,624,True,778,False
ILSVRC2012_val_00012529.png,779,779,850,True,619,True
ILSVRC2012_val_00025461.png,780,780,875,True,875,True
ILSVRC2012_val_00007978.png,781,781,725,True,781,False
ILSVRC2012_val_00017213.png,782,782,572,True,782,False
ILSVRC2012_val_00031567.png,783,783,689,True,689,True
ILSVRC2012_val_00046660.png,784,784,856,True,784,False
ILSVRC2012_val_00039125.png,785,785,778,True,785,False
ILSVRC2012_val_00009975.png,786,786,786,False,786,False
ILSVRC2012_val_00037519.png,787,787,738,True,787,False
ILSVRC2012_val_00024024.png,788,788,462,True,462,True
ILSVRC2012_val_00044973.png,789,789,789,False,789,False
ILSVRC2012_val_00001632.png,790,790,604,True,906,True
ILSVRC2012_val_00028558.png,791,791,791,False,791,False
ILSVRC2012_val_00010406.png,792,792,517,True,792,False
ILSVRC2012_val_00020523.png,793,793,900,True,515,True
ILSVRC2012_val_00027144.png,794,794,824,True,698,True
ILSVRC2012_val_00033918.png,795,795,766,True,795,False
ILSVRC2012_val_00024679.png,796,796,873,True,971,True
ILSVRC2012_val_00011305.png,797,797,679,True,797,False
ILSVRC2012_val_00045067.png,798,798,174,True,798,False
ILSVRC2012_val_00006464.png,799,799,799,False,799,False
ILSVRC2012_val_00029411.png,800,800,565,True,565,True
ILSVRC2012_val_00013787.png,801,801,640,True,801,False
ILSVRC2012_val_00010908.png,802,802,723,True,802,False
ILSVRC2012_val_00009236.png,803,803,395,True,803,False
ILSVRC2012_val_00014617.png,804,804,570,True,804,False
ILSVRC2012_val_00005424.png,805,805,846,True,846,True
ILSVRC2012_val_00024334.png,806,806,806,False,806,False
ILSVRC2012_val_00031652.png,807,807,659,True,807,False
ILSVRC2012_val_00028650.png,808,808,571,True,808,False
ILSVRC2012_val_00020420.png,809,809,948,True,751,True
ILSVRC2012_val_00001296.png,810,810,925,True,925,True
ILSVRC2012_val_00030759.png,811,811,879,True,879,True
ILSVRC2012_val_00040031.png,812,812,919,True,812,False
ILSVRC2012_val_00004703.png,813,813,745,True,658,True
ILSVRC2012_val_00003369.png,814,814,957,True,814,False
ILSVRC2012_val_00042203.png,815,815,511,True,815,False
ILSVRC2012_val_00048313.png,816,816,63,True,816,False
ILSVRC2012_val_00034139.png,817,817,315,True,817,False
ILSVRC2012_val_00049675.png,818,818,806,True,818,False
ILSVRC2012_val_00018294.png,819,819,233,True,1000,True
ILSVRC2012_val_00043679.png,820,820,499,True,820,False
ILSVRC2012_val_00000544.png,821,821,570,True,821,False
ILSVRC2012_val_00012942.png,822,822,461,True,822,False
ILSVRC2012_val_00015062.png,823,823,823,False,823,False
ILSVRC2012_val_00045154.png,824,824,544,True,824,False
ILSVRC2012_val_00026365.png,825,825,736,True,825,False
ILSVRC2012_val_00008677.png,826,826,501,True,501,True
ILSVRC2012_val_00025757.png,827,827,427,True,636,True
ILSVRC2012_val_00001174.png,828,828,841,True,828,False
ILSVRC2012_val_00014495.png,829,829,545,True,829,False
ILSVRC2012_val_00033772.png,830,830,499,True,830,False
ILSVRC2012_val_00002731.png,831,831,741,True,831,False
ILSVRC2012_val_00047922.png,832,832,435,True,435,True
ILSVRC2012_val_00012967.png,833,833,939,True,833,False
ILSVRC2012_val_00034762.png,834,834,792,True,792,True
ILSVRC2012_val_00049025.png,835,835,452,True,835,False
ILSVRC2012_val_00037849.png,836,836,499,True,836,False
ILSVRC2012_val_00041874.png,837,837,838,True,838,True
ILSVRC2012_val_00019127.png,838,838,458,True,838,False
ILSVRC2012_val_00011004.png,839,839,701,True,701,True
ILSVRC2012_val_00041283.png,840,840,822,True,840,False
ILSVRC2012_val_00038364.png,841,841,841,False,841,False
ILSVRC2012_val_00002955.png,842,842,701,True,701,True
ILSVRC2012_val_00045851.png,843,843,100,True,843,False
ILSVRC2012_val_00044683.png,844,844,844,False,844,False
ILSVRC2012_val_00048738.png,845,845,554,True,554,True
ILSVRC2012_val_00028109.png,846,846,200,True,846,False
ILSVRC2012_val_00024312.png,847,847,533,True,847,False
ILSVRC2012_val_00034135.png,848,848,587,True,587,True
ILSVRC2012_val_00042077.png,849,849,593,True,849,False
ILSVRC2012_val_00049748.png,850,850,900,True,850,False
ILSVRC2012_val_00046628.png,851,851,866,True,851,False
ILSVRC2012_val_00022274.png,852,852,621,True,557,True
ILSVRC2012_val_00049400.png,853,853,853,False,853,False
ILSVRC2012_val_00046482.png,854,854,826,True,854,False
ILSVRC2012_val_00006662.png,855,855,985,True,855,False
ILSVRC2012_val_00011341.png,856,856,774,True,856,False
ILSVRC2012_val_00029312.png,857,857,556,True,857,False
ILSVRC2012_val_00004705.png,858,858,773,True,858,False
ILSVRC2012_val_00018247.png,859,859,768,True,859,False
ILSVRC2012_val_00040041.png,860,860,430,True,860,False
ILSVRC2012_val_00044655.png,861,861,746,True,789,True
ILSVRC2012_val_00033168.png,862,862,805,True,862,False
ILSVRC2012_val_00005528.png,863,863,471,True,863,False
ILSVRC2012_val_00000809.png,864,864,193,True,864,False
ILSVRC2012_val_00021814.png,865,865,868,True,865,False
ILSVRC2012_val_00000579.png,866,866,881,True,581,True
ILSVRC2012_val_00024074.png,867,867,921,True,867,False
ILSVRC2012_val_00018084.png,868,868,612,True,868,False
ILSVRC2012_val_00027040.png,869,869,522,True,869,False
ILSVRC2012_val_00024006.png,870,870,814,True,870,False
ILSVRC2012_val_00020297.png,871,871,616,True,871,False
ILSVRC2012_val_00005581.png,872,872,872,False,872,False
ILSVRC2012_val_00011069.png,873,873,433,True,653,True
ILSVRC2012_val_00030634.png,874,874,858,True,874,False
ILSVRC2012_val_00038949.png,875,875,875,False,875,False
ILSVRC2012_val_00007362.png,876,876,514,True,876,False
ILSVRC2012_val_00013218.png,877,877,7,True,877,False
ILSVRC2012_val_00002459.png,878,878,589,True,878,False
ILSVRC2012_val_00044306.png,879,879,811,True,879,False
ILSVRC2012_val_00017127.png,880,880,919,True,880,False
ILSVRC2012_val_00016269.png,881,881,234,True,881,False
ILSVRC2012_val_00030586.png,882,882,882,False,882,False
ILSVRC2012_val_00047419.png,883,883,791,True,883,False
ILSVRC2012_val_00031592.png,884,884,726,True,726,True
ILSVRC2012_val_00019945.png,885,885,620,True,885,False
ILSVRC2012_val_00025160.png,886,886,715,True,465,True
ILSVRC2012_val_00007841.png,887,887,701,True,1000,True
ILSVRC2012_val_00003578.png,888,888,825,True,888,False
ILSVRC2012_val_00012169.png,889,889,22,True,889,False
ILSVRC2012_val_00036991.png,890,890,694,True,890,False
ILSVRC2012_val_00021825.png,891,891,769,True,891,False
ILSVRC2012_val_00040911.png,892,892,701,True,892,False
ILSVRC2012_val_00030330.png,893,893,456,True,893,False
ILSVRC2012_val_00016256.png,894,894,749,True,894,False
ILSVRC2012_val_00005087.png,895,895,70,True,435,True
ILSVRC2012_val_00020759.png,896,896,909,True,896,False
ILSVRC2012_val_00013523.png,897,897,568,True,897,False
ILSVRC2012_val_00049921.png,898,898,701,True,898,False
ILSVRC2012_val_00014215.png,899,899,456,True,899,False
ILSVRC2012_val_00043815.png,900,900,850,True,506,True
ILSVRC2012_val_00037082.png,901,901,605,True,901,False
ILSVRC2012_val_00042683.png,902,902,654,True,902,False
ILSVRC2012_val_00039649.png,903,903,873,True,873,True
ILSVRC2012_val_00006204.png,904,904,644,True,904,False
ILSVRC2012_val_00011364.png,905,905,319,True,319,True
ILSVRC2012_val_00041315.png,906,906,791,True,906,False
ILSVRC2012_val_00005652.png,907,907,701,True,701,True
ILSVRC2012_val_00016360.png,908,441,328,True,441,True
ILSVRC2012_val_00029081.png,909,909,405,True,405,True
ILSVRC2012_val_00003240.png,910,910,568,True,568,True
ILSVRC2012_val_00008796.png,911,911,911,False,911,False
ILSVRC2012_val_00035088.png,912,912,463,True,912,False
ILSVRC2012_val_00026143.png,913,913,701,True,913,False
ILSVRC2012_val_00042772.png,914,914,976,True,914,False
ILSVRC2012_val_00044801.png,915,915,725,True,725,True
ILSVRC2012_val_00000839.png,916,916,916,False,916,False
ILSVRC2012_val_00028582.png,917,917,550,True,550,True
ILSVRC2012_val_00012581.png,918,918,783,True,918,False
ILSVRC2012_val_00004799.png,919,919,919,False,919,False
ILSVRC2012_val_00036374.png,920,920,499,True,920,False
ILSVRC2012_val_00041032.png,921,921,972,True,921,False
ILSVRC2012_val_00009121.png,922,922,653,True,922,False
ILSVRC2012_val_00037378.png,923,923,764,True,923,False
ILSVRC2012_val_00003935.png,924,924,929,True,924,False
ILSVRC2012_val_00041996.png,925,925,925,False,925,False
ILSVRC2012_val_00017524.png,926,926,607,True,926,False
ILSVRC2012_val_00007171.png,927,810,925,True,925,True
ILSVRC2012_val_00006755.png,928,928,213,True,928,False
ILSVRC2012_val_00004495.png,929,929,936,True,936,True
ILSVRC2012_val_00048328.png,930,930,606,True,930,False
ILSVRC2012_val_00005025.png,931,931,963,True,963,True
ILSVRC2012_val_00043248.png,932,932,880,True,932,False
ILSVRC2012_val_00038744.png,933,933,330,True,933,False
ILSVRC2012_val_00004041.png,934,934,933,True,934,False
ILSVRC2012_val_00003930.png,935,935,966,True,935,False
ILSVRC2012_val_00042589.png,936,936,701,True,660,True
ILSVRC2012_val_00037102.png,937,937,989,True,937,False
ILSVRC2012_val_00038518.png,938,938,938,False,938,False
ILSVRC2012_val_00007774.png,939,939,881,True,939,False
ILSVRC2012_val_00017362.png,940,940,940,False,940,False
ILSVRC2012_val_00021629.png,941,941,553,True,941,False
ILSVRC2012_val_00024232.png,942,942,51,True,964,True
ILSVRC2012_val_00038404.png,943,943,884,True,943,False
ILSVRC2012_val_00022886.png,944,944,940,True,944,False
ILSVRC2012_val_00035395.png,945,945,945,False,945,False
ILSVRC2012_val_00027571.png,946,946,869,True,817,True
ILSVRC2012_val_00011027.png,947,947,329,True,947,False
ILSVRC2012_val_00048066.png,948,948,793,True,996,True
ILSVRC2012_val_00016141.png,949,949,810,True,949,False
ILSVRC2012_val_00031440.png,950,950,950,False,950,False
ILSVRC2012_val_00045114.png,951,951,952,True,951,False
ILSVRC2012_val_00001671.png,952,952,951,True,952,False
ILSVRC2012_val_00007013.png,953,953,572,True,817,True
ILSVRC2012_val_00004198.png,954,954,955,True,954,False
ILSVRC2012_val_00009227.png,955,955,943,True,943,True
ILSVRC2012_val_00048159.png,956,956,950,True,950,True
ILSVRC2012_val_00002644.png,957,957,678,True,957,False
ILSVRC2012_val_00010111.png,958,958,974,True,34,True
ILSVRC2012_val_00011427.png,959,959,411,True,411,True
ILSVRC2012_val_00013472.png,960,960,398,True,960,False
ILSVRC2012_val_00004935.png,961,961,773,True,961,False
ILSVRC2012_val_00032598.png,962,962,809,True,809,True
ILSVRC2012_val_00008075.png,963,963,122,True,122,True
ILSVRC2012_val_00015007.png,964,964,773,True,964,False
ILSVRC2012_val_00030875.png,965,965,942,True,965,False
ILSVRC2012_val_00010112.png,966,966,988,True,966,False
ILSVRC2012_val_00049309.png,967,967,605,True,605,True
ILSVRC2012_val_00028396.png,968,968,757,True,968,False
ILSVRC2012_val_00045302.png,969,969,846,True,969,False
ILSVRC2012_val_00019012.png,970,810,810,True,970,False
ILSVRC2012_val_00001292.png,971,971,46,True,971,False
ILSVRC2012_val_00010016.png,972,972,465,True,972,False
ILSVRC2012_val_00047843.png,973,973,182,True,973,False
ILSVRC2012_val_00015661.png,974,974,4,True,5,True
ILSVRC2012_val_00035544.png,975,975,158,True,975,False
ILSVRC2012_val_00003311.png,976,976,612,True,976,False
ILSVRC2012_val_00017332.png,977,977,981,True,981,True
ILSVRC2012_val_00047284.png,978,978,802,True,978,False
ILSVRC2012_val_00015471.png,979,979,978,True,978,True
ILSVRC2012_val_00005742.png,980,980,411,True,980,False
ILSVRC2012_val_00037959.png,981,981,66,True,66,True
ILSVRC2012_val_00005037.png,982,982,177,True,982,False
ILSVRC2012_val_00006006.png,983,983,458,True,983,False
ILSVRC2012_val_00027675.png,984,984,7,True,984,False
ILSVRC2012_val_00002321.png,985,985,985,False,985,False
ILSVRC2012_val_00010143.png,986,986,315,True,986,False
ILSVRC2012_val_00047346.png,987,987,108,True,987,False
ILSVRC2012_val_00048526.png,988,988,988,False,988,False
ILSVRC2012_val_00012754.png,989,989,114,True,114,True
ILSVRC2012_val_00006512.png,990,990,952,True,990,False
ILSVRC2012_val_00045215.png,991,991,991,False,991,False
ILSVRC2012_val_00044046.png,992,992,944,True,992,False
ILSVRC2012_val_00047343.png,993,993,729,True,993,False
ILSVRC2012_val_00042619.png,994,994,299,True,994,False
ILSVRC2012_val_00029762.png,995,995,948,True,995,False
ILSVRC2012_val_00004629.png,996,996,850,True,996,False
ILSVRC2012_val_00020929.png,997,997,116,True,997,False
ILSVRC2012_val_00025648.png,998,998,994,True,994,True
ILSVRC2012_val_00000412.png,999,999,988,True,999,False
ILSVRC2012_val_00041747.png,1000,1000,869,True,1000,False
